query,response
What is the purpose of online education?,"Online education provides flexibility for learners to access courses and materials from anywhere, at any time, fostering a more accessible learning environment."
How do I enroll in a course?,"To enroll in a course, visit our website, select the desired course, and follow the on-screen instructions for registration and payment."
Can I access course materials offline?,"Yes, some courses offer downloadable materials for offline access. Check the course details or contact support for specific information."
What are the technical requirements?,"Ensure you have a stable internet connection, a compatible device, and up-to-date browsers. Specific requirements may vary by course; check the course page."
How can I reset my password?,"Visit the login page, click on ""Forgot Password,"" and follow the instructions sent to your registered email to reset your password securely."
Are there financial aid options?,"Yes, we offer financial aid for eligible students. Check the course details or contact our financial aid department for information on the application process."
How can I contact customer support?,You can reach our customer support team via email at support@example.com or through the live chat feature on our website during business hours.
Can I get a refund for my course?,Refund policies vary by course. Review the refund policy on the course page or contact our support team for assistance with specific refund-related queries.
Is there a mobile app for learning?,"Yes, we have a mobile app available for download on iOS and Android devices, providing a convenient way to access courses on the go."
How are assessments conducted?,"Assessments may include quizzes, exams, and assignments. The format depends on the course, and details can be found in the course syllabus or guidelines."
What is the duration of a course?,Course durations vary. Check the course details for information on the expected duration of each course.
Can I switch to a different course?,"Depending on availability and policies, you may be able to switch courses. Contact our support team to discuss your situation and explore available options."
Is there a trial period for courses?,"Some courses offer a trial period. Check the course page for information on trial options, or contact support for assistance."
How do I access my course certificates?,"Once you successfully complete a course, your certificate will be available for download in your profile or sent to your registered email address."
Are the courses accredited?,"Accreditation status varies by course. Check the course details for information on accreditation, or contact our accreditation department for details."
Can I study at my own pace?,"Yes, most courses allow self-paced learning. Review the course structure for details on flexibility and deadlines for assignments and assessments."
What technology is used for classes?,"Classes may be conducted using video lectures, live webinars, discussion forums, and interactive platforms. Check the course details for specific technology used."
How do I join a live webinar?,Instructions for joining live webinars are typically provided in advance. Check the course page or contact support for details on accessing live sessions.
Are there group discounts available?,"Yes, group discounts are available for certain courses. Contact our sales team for information on group enrollment and applicable discounts."
Can I share my course access with others?,Course access is typically limited to the enrolled individual. Sharing access may violate terms of use. Contact support if you have specific sharing inquiries.
What programming languages are essential for ML?,Python and R are widely used in the ML field. Familiarity with libraries like TensorFlow and scikit-learn is beneficial. Consider our Python for Data Science course for in-depth learning.
How can I set up a virtual environment for ML?,We recommend using tools like Anaconda to create virtual environments for managing dependencies in your Machine Learning projects. Follow our tutorial for step-by-step guidance.
Are there prerequisites for the ML courses?,"Prerequisites vary by course. Generally, a basic understanding of mathematics, statistics, and programming is beneficial. Check the course details for specific requirements."
Can I access real-world datasets for practice?,"Yes, our ML courses provide access to real-world datasets for hands-on practice. You'll gain practical experience by working on projects that simulate industry scenarios."
Is GPU necessary for Machine Learning projects?,"While not mandatory, a GPU can significantly accelerate certain ML tasks. Some advanced courses recommend or require GPU access. Check the course requirements for details."
How can I transition to a career in Data Science?,"Explore our Data Science career track, which includes a curated set of courses covering essential topics, hands-on projects, and career guidance to help you transition successfully."
Can I use my own datasets for course projects?,Absolutely! Many courses encourage using personal datasets for projects. This enhances your learning experience as you apply ML techniques to data relevant to your interests or industry.
Are there courses on Deep Learning and Neural Nets?,"Yes, we offer specialized courses on Deep Learning, covering topics such as neural networks, convolutional neural networks (CNNs), and recurrent neural networks (RNNs)."
How do I stay updated on the latest ML trends?,"Stay informed through our blog, webinars, and community forums. Additionally, consider joining our advanced courses, where we cover the latest trends and advancements in ML and AI."
Can I get mentorship during the ML projects?,"Yes, some courses offer mentorship options where experienced professionals in the field provide guidance and feedback on your ML projects. Check the course details for mentorship availability."
Is there a capstone project in ML courses?,Many of our ML courses include a capstone project that allows you to apply your knowledge to solve a real-world problem. It's a valuable opportunity to showcase your skills to potential employers.
Are there job placement assistance programs?,"Yes, we offer job placement assistance, including resume reviews, interview preparation, and job search support, to help you transition into a career in the Data Science and ML industry."
How often are ML courses updated with new content?,We regularly update our courses to reflect the latest advancements in the field. Expect content updates and new modules to ensure you receive the most current and relevant information.
Can I access ML course materials after completion?,"Yes, you'll have continued access to course materials, including lectures, assignments, and projects, even after course completion. This allows you to review and reinforce your learning at your own pace."
Are there networking opportunities in the ML community?,"Join our ML community forums, where you can connect with fellow learners, ask questions, share insights, and participate in discussions. Networking opportunities can also arise through webinars and events."
How can I get certified in Machine Learning?,"Upon successful completion of our ML courses, you will receive a certificate of completion. This certificate can be shared on professional platforms to showcase your skills to potential employers."
,
,
,
,
,
,
,
,
,
,
,
,
,
,
,
,
,
,
,
,
,
,
,
,
,
,
,
,
,
,
,
,
,
,
,
,
,
,
